CNT,YEAR,gap_recomputed,avg_math_recomputed,avg_read_recomputed,avg_science_recomputed,avg_escs_recomputed,n_students_recomputed,q25_escs,q75_escs
ALB,2009,68.37285413683304,384.9079117250277,395.0255347062353,399.6589276321064,72.10644732039253,1819,-1.5522798005701035,-0.034699716086855
ALB,2018,41.457118358643356,441.2257460278516,411.93174815146625,423.21667337847623,-0.7589771393975053,1859,-1.4940546956228407,-0.08791755424764115
ALB,2022,54.73305513278626,375.50680644503177,364.1058438893026,381.14901787962134,-0.631629514104814,1817,-1.443633732217695,0.21833943751209203
ARE,2009,79.24223298912028,426.231527596684,436.9512125345176,443.05137430695663,188.43784954386624,1998,-0.26037219532484435,0.8117
ARE,2012,58.06570925330635,435.1888431049184,442.68816384646635,447.79537810494793,124.10303704437567,1926,-0.11,0.92
ARE,2015,40.41470113647739,420.88041096217745,426.93268035861314,430.17201992183124,0.5133097425889189,1925,0.10435511863620475,1.009207650138749
ARE,2018,87.24450454533468,434.19728449034216,430.8807055134537,432.53592329040197,0.2881578995413884,1938,-0.249037479097205,0.8657597192028983
ARE,2022,52.500880930358846,419.97190020831204,398.19429417454364,419.7076994957746,0.303471629660288,1957,-0.08992789104285293,0.8027129448764068
ARG,2009,97.15585659473118,396.55309554406955,409.55780514888045,411.3999473265839,172.1354277157535,1816,-1.3474704037431062,0.3522765575403495
ARG,2012,59.11849210470098,401.73293884995974,413.83780284256005,420.4356877659942,166.92684766379526,1877,-1.34,0.37
ARG,2018,90.52330453422775,391.79094210359074,415.88970845948216,417.11021785399174,-0.8840103273582536,1936,-1.717036140463662,-0.01437056108081614
ARG,2022,75.50244024714709,390.31849171560293,413.65453856367805,420.5224690978277,-0.7067405660344789,1924,-1.4782794050511077,0.1279303057503461
AUS,2009,70.04679081593986,527.0743920369551,528.0227742442715,540.764292036811,158.69510266898143,1974,-0.11736271884026077,0.9703922123367672
AUS,2012,65.29842250206582,513.2257273272427,522.9632753944057,532.0735893506552,156.41912633399892,1949,-0.31,0.88
AUS,2015,78.48826857817807,499.8795570177592,511.73717867019093,516.7466573426642,0.28161305060502284,1941,-0.3140140865807853,0.8762144270145537
AUS,2018,61.871127122454595,496.89831750238886,509.39879528004246,508.60491636415395,0.36168086832562557,1943,-0.299122696544844,1.0438467933489541
AUS,2022,90.85359582038666,494.055815924861,505.8514795180139,514.6000988393098,0.38800193914863,1951,-0.17609652313184987,1.0277118052941174
AUT,2009,76.87000807771773,498.20724972351076,474.7694880230643,496.73021220583615,276.0563971851577,1860,-0.4411,0.722279444174737
AUT,2012,88.5017573625131,512.4045146603416,494.820437966475,511.75856551857953,102.08481584863586,1783,-0.43,0.83
AUT,2015,93.94635973447589,492.36236053152464,481.242087829897,489.51570764366187,0.10273645947208795,1855,-0.5091551100770476,0.7682
AUT,2018,80.24405753784634,500.06013842050265,487.90694948400755,493.84298959672554,0.05726769178348786,1842,-0.5386765088400107,0.7128643937190764
AUT,2022,105.0442600371573,487.4382034000152,480.5616580963557,491.53586915026665,0.07518293157794803,2000,-0.5758186355368933,0.8062873761019583
AZE,2009,12.434349190832108,431.310191988016,365.76677021088153,377.94421535940893,134.40419261121951,1799,-1.3434184768858743,0.188410226868052
BEL,2009,97.09515445753016,515.9815753347476,507.8977981769092,508.97817062335525,146.2163737430039,1924,-0.4392,0.9701059421317353
BEL,2012,109.65866161816786,518.0282977818176,511.087373431143,506.9277387405906,215.8619664244313,1902,-0.5,0.99
BEL,2015,101.32680433414959,496.161333708452,489.80849716917874,492.0863677324895,0.12699130903743958,1918,-0.5419173429309716,0.8940409133022655
BEL,2018,113.07346747922463,508.9392844087436,494.03212320728534,499.4887970702906,0.06472474072564896,2000,-0.6172083965827612,0.8248863860453646
BEL,2022,119.87619525804917,490.3020178760754,486.5783258773935,494.4488830812138,0.12404131565568258,1885,-0.5298969392951496,0.8653489319109013
BGR,2009,124.89787856768385,431.5524363562617,431.04867785119126,440.91934016985084,204.3020425019065,1769,-0.7458805554026079,0.7231
BGR,2012,118.52759414852545,439.38338478374277,439.164021302606,447.5205902346382,205.15187148905252,1802,-0.94,0.65
BGR,2015,97.17485661790926,444.53906170923034,435.6475128911519,449.54269743864637,-0.06851068951071689,1832,-0.8388528508533771,0.7801596785185138
BGR,2018,102.8398879859393,441.3870583629471,425.2229588867784,428.87773758358816,-0.22868937833744196,1822,-0.9266258200322735,0.5689445808551545
BGR,2022,119.38058725748539,422.3666286227195,409.2494936590155,426.40671909430495,-0.2405003253125744,1840,-1.0011155825966571,0.6006842020009852
BIH,2018,59.391117021549405,408.59202758271607,405.5522912379082,401.22499878740047,-0.5474384420063031,1843,-1.1287061185576914,-0.008119053193480455
BLR,2018,103.03594655801174,473.8626364780669,476.3735830163224,472.93879235938755,-0.11891043275238888,1815,-0.7191426487895695,0.527490719453974
BRA,2009,94.10134791753973,397.8024161364971,421.92869272853835,417.5190613119504,66.51853996447727,1956,-1.888328934589837,-0.13194408689471449
BRA,2012,71.33221969690567,411.5305499781226,429.78957828243773,424.27977727521164,201.73385465332169,1951,-1.73,-0.2
BRA,2015,82.34441510493383,386.87128931358257,421.68353433732995,412.3266752930118,-0.8916020797580011,1964,-1.6277641210478657,-0.13566844522216495
BRA,2018,98.27165177776129,399.4931084467179,430.92474576642684,419.74727985396146,-0.9676613183904228,1904,-1.7585436988086158,-0.05566543892826135
BRA,2022,87.26616880644343,389.2869451686635,423.0273721178283,415.05235039069777,-0.8581373144777616,1904,-1.5381660341227206,-0.06443895929296013
BRN,2018,78.3159621759549,448.7780754834604,430.6934953719035,451.80237007003427,-0.12818557749411782,1920,-0.7804,0.5660226940939067
BRN,2022,80.68538502038405,455.64766840787024,446.162523190639,460.99453589125324,-0.11125956096072023,1905,-0.7793112052500031,0.6027755180752655
CAN,2009,61.8424199444064,547.6481821161537,536.7342257610748,540.5031432664794,120.72030829907101,1971,0.075,1.195459845975183
CAN,2012,49.30405084373501,537.3616829147687,539.7786410671265,537.159426551797,172.74319425530598,1953,0.0,1.19
CAN,2015,64.11124074807441,538.8004972687389,541.1034159410583,543.1113663975848,0.6609387802444718,1953,0.19634884765182836,1.1569024991360988
CAN,2018,58.42595233985452,530.3999157806184,529.9762275381255,528.9409121220084,0.463366693596759,1962,-0.07956264659155918,1.0209088560076018
CAN,2022,61.54196180928278,523.642264530524,523.8890215829861,531.730460772449,0.4842301812268535,1973,0.032572564433662285,0.9957067168429021
CHE,2009,83.91658253671028,532.4131908007297,500.72117222818486,517.3447517362916,52.594706304661166,1915,-0.4742,0.8377643059756632
CHE,2012,60.29689426111412,529.6298978636554,511.238415556079,516.1442579595852,152.50481832158346,1904,-0.3,1.0247572314450415
CHE,2015,77.86622597924054,521.9288515957081,493.20747650440217,507.0956481001013,0.18938212570575172,1828,-0.45905083876004693,0.9692711403253816
CHE,2018,82.1717977202415,516.2523285811676,485.6331892431504,496.3847475357789,0.0486413461117667,1830,-0.5595490454139455,0.7861266095789908
CHE,2022,114.24714653649141,507.03469758668774,483.27416566446067,501.5904152371739,0.20160457833155826,1853,-0.41791449879609954,0.9337260169059577
CHL,2009,83.1790733182496,427.2303282868833,454.92340522774646,452.9291273433882,182.43223998940667,1905,-1.2611,0.44015064544259985
CHL,2012,69.56771965063808,426.5164468098992,445.29534893710587,449.117364917594,315.9467251214184,1937,-1.24,0.48870563813897666
CHL,2015,78.98858346878507,429.0751202390003,463.9643315054733,452.13675645293404,-0.31657873636298994,1858,-1.119886762834724,0.640877501940816
CHL,2018,79.80873907643036,419.35256452499914,455.7452164377327,446.5703685371789,-0.4604148296155481,1902,-1.2130680360561226,0.3629786367139868
CHL,2022,63.672132831711394,412.4349012133147,449.6323483205569,444.0294419721643,-0.37817946978870487,1843,-1.0822855313138053,0.3722785061983808
COL,2009,82.47990668972858,391.9894024977766,429.20758518890983,416.27011128710535,25.910468886575803,1889,-1.6883,-0.05444814565035132
COL,2012,75.76886356777146,383.62510782452836,414.13409870663344,404.20077917226445,54.83447580244164,1913,-1.92,-0.31
COL,2015,64.58479068148199,393.9708103100773,432.7972704386732,421.7387148673384,-0.9497249878367425,1922,-1.6573982098161792,-0.20278951434580708
COL,2018,68.34143184031382,394.2997086032221,415.8551820848024,417.26306337366253,-1.1040283519760334,1870,-1.9074283819004496,-0.2428304124667464
COL,2022,74.44261583119578,383.67490001520997,411.1791352673199,412.44126433788426,-0.9722474357746801,1877,-1.728016420707894,-0.1470113648274774
CRI,2009,76.78020001337603,422.0321435900231,457.13371763627975,442.20796201277125,73.53581875361293,1790,-1.6992202254592115,0.6527320554156465
CRI,2012,82.53437962369566,419.3335134135682,452.2379793315119,442.59812911294966,84.71908527710967,1786,-1.5584274612798288,0.39
CRI,2015,55.332536030087056,399.21868257003456,425.3837697296606,418.24831402711584,-0.8148906306484963,1840,-1.6418103809695959,0.13438373125267894
CRI,2018,83.25621235677858,408.35754332574874,435.5885265196099,422.0856801133317,-0.8058554372579242,1856,-1.8087376903254289,0.3092487738889238
CZE,2009,82.97840063631412,493.34739248187407,479.1679848070072,501.1932574869805,67.60129313008073,1848,-0.5613,0.40353875981093923
CZE,2012,91.37124330743376,501.33600239748097,497.7178095056151,512.1266738340568,88.67823722522725,1825,-0.5985974716418312,0.55
CZE,2015,116.13282435005385,495.428773863803,490.7533242678652,495.22709337181436,-0.15572318708550517,1863,-0.7755706149363102,0.43992607259801497
CZE,2018,101.07050040055049,500.854014213441,491.9496941465547,497.08867586866523,-0.18653794958325026,1865,-0.8184096437816922,0.4962485493553739
CZE,2022,123.88227514904565,486.8520490180768,490.7544731214516,498.37391740273034,-0.058498093902721794,1891,-0.7434259567174064,0.6482038987649319
DEU,2009,87.02325070891243,515.8403873543542,499.872757067808,522.0847405440708,982.5196341632475,1790,-0.31111823310761333,1.18436654523227
DEU,2012,49.15373440388805,516.874966425192,511.4075400265251,528.6770542115113,1502.7890198587445,1797,-0.31,1.45
DEU,2015,82.31393230142271,516.1097698880309,523.399368516708,522.4344241942516,0.18141032192483472,1819,-0.4803270263690532,0.9516645252939646
DEU,2018,105.43150877528177,510.25593033860355,510.04568696400304,514.7269173468459,-0.05007246852734123,1808,-0.7479971999963421,0.7266338754087771
DEU,2022,98.77966190141501,480.3343448731241,485.78039541550754,498.0334326363467,-0.1492256116977195,1832,-0.8292919519252205,0.6326021466937256
DNK,2009,69.99029233588863,502.8586181876977,497.39824470117685,500.5581364309557,132.8785659957515,1845,-0.28759561985212523,1.0005997755717126
DNK,2012,82.11329143742307,507.53822514385007,503.799454919961,508.13268452447755,158.7091403915736,1908,-0.15,1.13
DNK,2015,67.60495866633909,515.5575624290999,503.37168583052375,505.7866500345923,0.5897535341571958,1878,-0.01435494383354579,1.2936697228469827
DNK,2018,56.5473353868955,516.6895458684245,508.02585457302445,499.34112370692407,0.5469734422548124,1870,0.14528554213225608,1.067074992776006
DNK,2022,67.31922989459906,493.51814375144096,493.9337033010056,496.0246178195213,0.49075984276125373,1841,0.03773941511632469,1.0445
DOM,2015,57.07990836375484,332.96779883598447,364.06916530594003,336.4172939445452,-0.7936186962292611,1792,-1.481024053083712,-0.0472812598386571
DOM,2018,58.170804047822344,332.67539017120475,348.94734555827984,342.5566573371783,-0.9538744705554244,1825,-1.6780525865246152,-0.1318697804149988
DOM,2022,55.94089361181881,347.0401799118653,363.7163793517922,368.51568745660285,-0.6120915984247336,1849,-1.2893036295569282,0.15710446562337263
DZA,2015,29.857584970629944,362.11670664885315,351.5130621462722,378.7056739851637,-1.3149626905423926,1840,-1.9688626005355763,-0.6398887548823117
ESP,2009,82.83494115888982,491.06759709662737,487.02702429834596,491.295801506769,32.978285210902015,1996,-1.0246,0.6245
ESP,2012,65.2999140519737,499.323771917235,501.5531461295394,509.31709270982833,116.56458009712442,1998,-0.7756106867415865,0.86
ESP,2015,85.93359070294935,490.87602400883446,500.44022935965296,497.32577474417127,-0.3838863861393502,1859,-1.3135308377006631,0.6241170449503899
ESP,2018,72.4880280349214,489.5327012519961,486.40832050167626,493.2113048323255,-0.039921629587903046,1977,-0.7312549318336307,0.7193518895016837
ESP,2022,80.22476812766189,483.3274392624749,484.9721776754249,494.0943992372044,0.014706959139397192,1976,-0.5936358187677667,0.803857196327612
EST,2009,59.74149590453476,509.96302684545697,498.32881824316473,524.5543170803348,49.64087781862744,1824,-0.4562383317144214,0.8113
EST,2012,55.61304211778139,521.4151978821953,516.0973466696344,540.340116555208,133.60835527197187,1810,-0.54,0.83
EST,2015,76.05656687005734,519.8164003788286,521.4017677672325,535.3322629102057,0.08654446162586289,1819,-0.5266776509402615,0.7156585134315995
EST,2018,68.49509699439727,527.0652140568343,527.3662208601108,533.9747701678058,0.14350839855864864,1814,-0.4588578225402129,0.7844686364102129
EST,2022,81.90775872229858,514.2655603346002,515.1988480527383,530.4527881962615,0.22863181839226132,1843,-0.3406142186583221,0.8790150804091597
FIN,2009,49.4394841565462,542.5155806866599,536.719253278845,555.7150678788008,38.546095762973145,1827,-0.1386166215226931,0.9886
FIN,2012,57.28703490695199,523.2043070074235,530.941585873337,549.2539457331779,90.41856583727501,1886,-0.1,1.04
FIN,2015,80.44206627315884,514.0481125949592,531.349541542132,534.8150145343418,0.29329775060460717,1826,-0.256114578657615,0.9249630790687088
FIN,2018,83.49255299849415,511.46832486504803,525.701254284665,526.9526775370219,0.3251290957488013,1825,-0.24850131677138537,0.94846884569584
FIN,2022,88.16968586590201,488.40803313030545,495.4465409708868,515.9360369979181,0.2891979972261289,1917,-0.2783305277228747,0.9183387073661717
FRA,2009,107.00424153624078,500.0258637268743,499.0977242580932,501.5593380191599,165.6877202114846,2000,-0.6696,0.4843091407611009
FRA,2012,98.96995350386015,497.7232036250545,503.6805119346151,500.1708227131316,266.8454045407288,1812,-0.58,0.6298407264046185
FRA,2015,107.39718295191454,498.06229625761836,504.945472250337,500.30527159060614,-0.07334705987239103,1845,-0.6662724806398309,0.556781140724122
FRA,2018,112.70358744331139,502.9412581845425,499.4855202467706,498.1064457952184,0.021258293581431276,1858,-0.5625089814778719,0.6852268348625514
FRA,2022,111.83522333428891,480.5958294035037,479.8947873203821,494.8819080691126,0.04048546656451134,1861,-0.5424580722548608,0.7145238126012453
GBR,2009,72.29329894241965,496.31875087188996,497.0728252005744,519.190338653534,306.95333863562934,1936,-0.23283514765484978,0.89
GBR,2012,74.28631146538515,504.35270835852054,506.6496784410426,521.6001333563112,194.85541514143492,1949,-0.3,1.0
GBR,2015,86.23431793731498,503.9770268586773,505.97720631872784,519.8932022869203,0.281001553245835,1922,-0.3388312933983034,0.9018421255262745
GBR,2018,83.39587527586394,517.1453768987977,521.1851341917062,519.9012234813792,0.3845732129026021,1938,-0.23467647279202983,1.0217
GBR,2022,95.1965252955618,503.68577979504454,511.6813405966573,516.4309406226705,0.16098137658353037,1921,-0.4812960688293165,0.8449617797485438
GEO,2009,66.91144202655187,388.89078837652903,382.74089625593604,382.7630581404857,295.0670695775265,1803,-0.9106624376052909,0.602894891775374
GEO,2015,88.96561445629055,406.95143134289384,403.8688385574841,413.7858836452696,-0.2876034448039871,1806,-0.9987984157235392,0.4353193954744216
GEO,2018,75.69293936118515,406.10478064138607,389.01700933571124,390.74659366804207,-0.31302918005602476,1819,-0.9947812204140789,0.4278556255236249
GEO,2022,63.73278237146337,398.8645850175862,382.3598395026633,391.3752063299383,-0.38225824280352894,1848,-1.0613995418348972,0.32963225804763296
GRC,2009,90.38293191912453,472.50001835563086,490.21678866746197,477.74625897931946,58.79422014410377,1798,-0.6537835605697342,0.9579
GRC,2012,96.4014109025959,459.1221478195266,484.2711154674867,473.08091482481,64.45064666132554,1794,-0.73,0.96
GRC,2015,86.59193649413027,456.4322838185542,470.1033715955967,458.00074041140897,0.030436280635740044,1807,-0.7403050107319276,0.8580795312117169
GRC,2018,87.8285967773802,460.62234459714193,467.16305476649086,460.0856353828813,0.0028576347091796013,1842,-0.7491796507455653,0.7996332976796563
GRC,2022,87.82858164231146,437.96076509253476,446.79863433805303,448.95228806747696,-0.019621318057068005,1840,-0.7266619517664754,0.7731434129976777
GTM,2022,49.58282411334784,342.5834931728391,370.64001035974036,370.0512004772897,-1.5614933415270957,1808,-2.618879772790555,-0.5251443100484751
HKG,2009,58.31302255041919,561.117415381467,535.8522197598768,553.0656094532583,25.80601795366167,1773,-1.4447500202911006,0.123
HKG,2012,56.58009489357255,563.8469694656882,547.0438075382065,556.6438033085302,272.17674990022135,1794,-1.5,0.1
HKG,2015,60.50601524796684,552.2451330680384,529.9602702253333,526.8005297867693,-0.5253266471466871,1811,-1.23633776631426,0.2086
HKG,2018,59.73729620831068,552.545448577909,529.417804392089,521.8605350633317,-0.4089402457377719,1828,-1.1996735364188338,0.41154683003890713
HKG,2022,72.40099799589109,546.5467492733352,505.13016893893206,525.6017025483055,-0.35542871026934897,1839,-1.1147613190249583,0.5236236990987918
HRV,2009,73.43568466164066,461.8728651728314,478.7991089225166,489.36581867876043,12.90438558728654,1800,-0.76533198274974,0.4813104329294855
HRV,2012,70.9628698820394,470.7626531568031,486.00812035961303,491.15287759531986,31.480370374154905,1797,-0.94,0.33
HRV,2015,69.05870433375043,463.8371232605481,487.45627908227493,475.04674010503976,-0.24657121519583455,1829,-0.8390764323248482,0.35833390386307323
HRV,2018,64.25052974597679,464.64325979645474,479.6430248747404,471.98881811336224,-0.19967298674613063,1858,-0.7823467635521157,0.4210020898080073
HRV,2022,65.78307474498928,466.5300491170407,479.36114721357905,486.00146768073256,-0.12479679767507595,1854,-0.7949729763930905,0.5633106939083585
HUN,2009,120.25582042068697,491.518243066445,495.134230613975,502.5836906621017,18.333494707610605,1789,-0.8206749271030084,0.5961267736483196
HUN,2012,113.48862735540786,475.4815472450432,488.9661402246717,493.30938739314723,96.71305391347663,1789,-0.9709613885355447,0.57
HUN,2015,118.34091327999676,482.5114875164979,473.65070946835135,481.26124705322957,-0.16075962207757635,1836,-0.9047431244435469,0.6938319784672137
HUN,2018,115.73638482625728,483.8806817398085,479.00829344766805,483.5311528318243,-0.10118423044937197,1822,-0.7835049280254809,0.6578448371964144
HUN,2022,118.22467737674225,475.66354685765816,475.85040353915895,489.0439172607304,-0.018853634707731326,1817,-0.7331482105227928,0.7777288567230259
IDN,2009,44.35044940072197,365.70860903023106,395.5447387598058,376.39638734026397,28.50759755456707,1848,-2.4608101907466726,-0.9072050689871546
IDN,2012,35.878386249478865,372.94217756052905,394.67127749131913,378.9310567493025,57.80805314695132,1882,-2.613061371425708,-1.07
IDN,2015,64.0767138803048,382.9809444439484,395.1584194901149,399.84134659452275,-1.8148272422029958,1884,-2.6190183594477094,-1.077208605798867
IDN,2018,37.030622323424495,371.13712807718855,364.90675555001053,390.38968243127283,-1.4621827346490426,1937,-2.3341057024014122,-0.6721433820722159
IDN,2022,25.185068052186068,360.5298894701561,355.2098974494338,379.0728498656762,-1.5356497576209305,1999,-2.265591211608825,-0.8397549539877317
IRL,2009,69.1792969021102,493.7150408715197,504.18285846594904,517.0891309612563,174.7934287374081,1795,-0.4361,0.834
IRL,2012,88.14383944043715,505.19471062194725,526.2422594986699,526.7778082023194,129.16446146561097,1834,-0.46,0.95
IRL,2015,80.34939249165842,503.9101977994353,520.7389331235728,503.50153800489284,0.20727056692031606,1837,-0.4396852494551969,0.8823174330621716
IRL,2018,70.55241248372437,500.20060777292014,518.9599817319879,497.9953469779583,0.13238627627739108,2000,-0.5077378124799182,0.7986621670691639
IRL,2022,77.6727455470924,493.3494964661999,517.8962066512496,505.4840315289758,0.32919903180765075,2000,-0.24589963300184647,0.9831575205781375
ISL,2009,51.50809202930827,509.7392766827627,502.65937031226736,498.66264679985164,132.97223128779854,1757,0.111,1.417401288659793
ISL,2012,46.79419745707793,493.90687657468396,484.638286876639,478.6291389426866,329.4672853608074,1744,0.23,1.47
ISL,2015,57.43303113384371,489.3823592489092,484.0373775321354,474.384489356203,0.7370386929849764,1722,0.25130128424999465,1.2879512986
ISL,2018,70.67679584815806,498.8923512895746,477.4706145017561,478.0262830483475,0.556408894743052,1714,0.057654427983089944,1.1378346740441603
ISL,2022,70.95585255229338,459.3664065990817,435.78535428689116,446.07442498718837,0.37231046513185706,1727,-0.1418849205983914,0.9704671535124912
ISR,2009,87.07592012956383,450.95472886822034,478.13650424744736,456.17542369900684,277.32700428926853,1874,-0.5420323270624315,0.6696043559026903
ISR,2012,97.46424370131285,467.6645979252369,485.253567668061,469.89721406824464,418.00889794982425,1814,-0.36,0.88
ISR,2015,99.45671451898556,469.55286136068753,476.38880460747606,465.79534507721263,0.1649447839595924,2000,-0.36326545481236155,0.7799774057605997
ISR,2018,96.32951638918877,465.9647436607974,473.0133926055318,463.4981706961957,0.34329006805797624,2000,-0.2833809955620189,1.0202773511669516
ISR,2022,125.6612715778395,461.69438440401103,476.809477173002,467.73070343824776,0.29139166860233384,2000,-0.30803683956535927,0.9762
ITA,2009,40.2617864142473,458.191258108398,460.75732035519366,465.315907639506,40.488987576586254,1990,-0.8411896201633882,0.5666588852659009
ITA,2012,75.29103023761701,483.0682286461432,487.6815546804621,493.46706593711315,99.27704374844457,1983,-0.67,0.9
ITA,2015,85.92890910748804,495.0045845166235,488.5819567656416,488.06724556072913,0.0009787768108937608,1913,-0.6733432595751275,0.787151074171629
ITA,2018,88.17337459974163,491.45642428315153,478.8708100271694,471.62442961018013,-0.09905036583877197,1908,-0.7902193698980087,0.6499899253044022
ITA,2022,85.29386233681345,470.8188018920225,479.8526647736153,476.0879121661702,-0.017420367077395048,1904,-0.7073328252319859,0.7548961001627934
JAM,2022,45.094160935588775,381.3246612947851,415.7511246612536,409.15868206848353,-0.5430564969684958,1745,-1.1596764554559034,0.12927989823372488
JOR,2009,58.962814368333966,397.4660111940353,412.259064610835,425.0681961344201,91.39957395789519,1878,-1.1980149063302774,0.344
JOR,2012,56.93047588373696,396.7637974765035,409.86369406437547,420.04327879598304,182.970844602304,1877,-1.01,0.41715109279430906
JOR,2015,65.90024306010747,382.05994825026966,409.5374879297723,411.34090197207496,-0.3867264487023609,1855,-1.0507392299720346,0.3593217301625443
JOR,2018,63.82340126955751,401.7860831291815,419.8241171314586,429.9989391792678,-0.6216790766317475,1893,-1.4086295206602861,0.24287957750542696
JOR,2022,45.346800471124084,371.08251494879244,354.8895054469737,386.3977779216121,-0.7739346203683091,1980,-1.5993001779566403,0.0627
JPN,2009,73.19998208212837,522.5692046917839,515.0445071256818,534.1797180319505,158.55642960834993,1834,-0.5598,0.5301379400863203
JPN,2012,63.71907194998181,531.3443793971845,533.411224630873,542.3287252986637,280.034084615124,2000,-0.61,0.53
JPN,2015,79.55517963469953,526.0080106660164,509.0715488767009,529.8943181598295,-0.21101480966314562,1900,-0.7372594502009582,0.3359116474772306
JPN,2018,66.08037803042686,520.492043838574,495.4548969662188,520.0836251181303,-0.09894110183011616,1869,-0.6136200798042017,0.43595188164830745
JPN,2022,79.94515475762927,528.2886960884978,509.20654973584874,538.5360745981994,-0.01415673285921026,1855,-0.5081759291745688,0.5198866607513014
KAZ,2009,66.29258639262247,409.6926676097668,396.3402480691278,405.02888236172964,25.841449820093725,1837,-1.0763,0.1524
KAZ,2012,55.38369851759825,430.677136919553,391.9003404012213,421.93366321590895,1.6229615709197993,1835,-0.87,0.3
KAZ,2018,31.517603627403957,411.9091218311523,381.78596486909055,390.57278600576365,-0.38040666553429,1987,-1.0194415843181386,0.2786230068857646
KAZ,2022,44.927088705948336,415.266265716607,382.32460253117983,418.02548526189173,-0.3311506237269078,1996,-0.9374184728792287,0.33706327531808467
KGZ,2009,88.57916715581166,337.92807186969816,321.9654691343302,336.43069545400925,82.55535492887778,1804,-1.2769256848173343,0.2222
KHM,2022,42.50985171112302,344.5684887641056,333.15500491351617,350.9345689715559,-1.8001441758964865,1851,-2.885098636843671,-0.8118326204157394
KOR,2009,81.40437816552793,548.1125103210331,542.5330083414433,539.7945116987345,16.6874711197866,1865,-0.7234030345029362,0.4334
KOR,2012,70.10182397092899,561.0423886315785,542.8981507559049,543.6912904372319,26.586516986853905,1890,-0.53,0.607084220379176
KOR,2015,99.36129463484679,527.6960696454564,524.2428481231149,522.0064781528175,-0.18491404908840386,1850,-0.6788498115659557,0.3071021357352753
KOR,2018,95.65259691172758,533.4273400849378,520.1744311661242,525.8246261382417,0.11095279159724264,1853,-0.38302853834227535,0.6698807396115395
KOR,2022,107.62907948361038,536.6512368602822,519.1161604393362,536.1849565695392,0.29458834905298686,1910,-0.2814051716417174,0.9194357580457371
KSV,2015,50.38446942645783,368.78521045921195,352.76698577006067,383.53098819282684,-0.08258939397406567,1815,-0.7219630949863068,0.6153300009984657
KSV,2018,48.166569817805,367.95452261517715,355.4435871241279,366.3800064563048,-0.42302657117778325,1812,-1.0414281106146253,0.2382047173573928
KSV,2022,40.509639149018994,358.40744441830543,345.69684601015916,360.5396946521915,-0.295379462014582,1839,-0.9020764559626236,0.37156505004896123
LBN,2015,66.86021944596058,395.3823471126919,346.56033539971565,385.4918026175494,-0.6106883469297518,1766,-1.25529859670152,0.1434820618637841
LBN,2018,86.90652587507532,394.1522778737841,352.86894510208197,382.30298538419123,-0.59149190766318,1835,-1.3493961887465549,0.2534714567990379
LIE,2009,79.98786139165634,533.6882708621013,498.4257265840627,518.5017726624062,85.95963542386745,329,-0.5685242730545537,0.8061501980019806
LIE,2012,58.773768854868194,534.1762237632894,515.6951113933967,522.7468999170064,195.90636568818564,293,-0.27,1.0112748333333346
LTU,2009,86.99485978991379,476.97510815999095,469.49206575069724,492.51098121291136,106.59971233761318,1836,-0.7892183742739622,0.7576
LTU,2012,85.82784322326955,477.12321291902526,474.424555353944,493.5561905259064,81.05863027418147,1782,-0.9,0.68
LTU,2015,80.26710782152486,483.8634930981773,478.2124165446447,481.65466504612505,0.0009205109970945556,1838,-0.6465,0.7054641568315428
LTU,2018,95.57452932970904,491.9163103913885,486.7477056574462,491.8318394875114,0.11488753740879756,1853,-0.5669827302358718,0.83745924282855
LTU,2022,109.02520811085122,484.087084891712,479.72078974298637,492.7341343076873,0.15432606970150287,1852,-0.5275428118303411,0.8781352471505876
LUX,2009,104.61980410330125,488.3290699780236,473.4575637660632,484.3166029142818,164.1276522016795,1788,-0.5053690835376196,1.0873992024933519
LUX,2012,98.53996948062803,490.2900196706866,490.2315513970019,492.7874224536814,253.69105420128824,1807,-0.66,1.12
LUX,2015,127.43441168745619,488.6830036040059,486.2036950731959,486.9737320581324,0.15406238589631685,1802,-0.6502242985000046,1.088182683041994
LUX,2018,118.43763106271462,482.1622989893733,470.6539306443449,477.1858400010556,0.08165879393670301,1808,-0.7541259415338287,1.0062264104362098
LVA,2009,76.4072734228908,480.53475242425736,483.7118835046471,492.020435733522,27.936834426957457,1799,-0.821760090773704,0.6076912263681894
LVA,2012,71.30707897419205,491.5134448052839,489.1367837947917,505.0944473678324,164.94347005041917,1788,-0.9805838973458667,0.52
LVA,2015,62.00311204687688,481.85358276574885,487.8340677915048,490.09705991976904,-0.4297985385299532,1830,-1.2162442788509706,0.33156590462668173
LVA,2018,73.74404127576395,494.5030516598992,477.15977759389676,487.04493366146534,0.006858138078642086,1845,-0.658459395997953,0.699578574444475
LVA,2022,75.0091738396087,485.17292553979223,476.74653314278146,496.4009452118928,0.008296295073634842,1856,-0.6095850884547661,0.6727
MAC,2009,32.04818430851674,524.1362361136346,483.52092884340266,506.4512241487396,10.022353185045112,1864,-1.2652,-0.08780289999999863
MAC,2012,38.67528055830212,535.6075918271293,505.4062129878439,517.6141486010542,48.02196137190095,1845,-1.45,-0.28388400000001246
MAC,2015,42.45699046414052,543.1592928123018,504.8798252062409,525.6896972888504,-0.4755658164996142,1792,-1.0763013245000002,0.1161247549999998
MAC,2018,49.727537531244366,555.5341875565302,522.9949875507418,540.7938893529509,-0.4485084869848142,1753,-1.1353835982701743,0.2945964445000082
MAC,2022,51.280847517174266,551.1574702698024,509.52399187658835,542.0069273078186,-0.44200994986189307,2000,-1.0923947490000008,0.22058046500000086
MAR,2018,60.65366396379039,372.2874541007459,363.6610714594408,379.7679251933684,-1.7084750166740421,1860,-2.856393346602596,-0.6709484264578801
MAR,2022,69.28247211497262,372.25371600279897,345.24799033670166,370.67699392417694,-1.5501336324409842,1873,-2.590034512587021,-0.5152656730696932
MDA,2009,79.95164433988191,396.2942328900084,387.2111283142804,411.3989055851189,96.46712924969209,2000,-1.2462,0.12049490270202122
MDA,2015,88.26219253222217,422.67784657267464,419.7291966753509,431.3945097643002,-0.6623971765020403,1849,-1.2483791952469276,-0.019012210679454276
MDA,2018,104.69623991001623,423.1341261563806,426.8106679100751,430.29764458499307,-0.5606346012106945,1800,-1.222403451970698,0.15388515574498118
MDA,2022,90.76844847580304,421.0213015408751,416.8457383225999,424.63133039134465,-0.4295397115539534,1840,-1.1578497550616735,0.40979017374491056
MEX,2009,93.15609559583885,420.36616164117714,426.5914486899687,417.34707609290314,52.31842344651921,1979,-2.2315208684289356,-0.042686376937468434
MEX,2012,64.61042254027257,420.172888344427,432.94675751648504,420.11265311563625,58.77950595224114,1981,-1.89,0.01
MEX,2015,71.97933131307633,409.81092079304796,430.01418636801213,419.96955897404206,-1.1080570401519567,1882,-2.0196434684178524,-0.272046488053027
MEX,2018,70.63285444104133,411.4857994227162,425.40260200670366,420.59610806945636,-1.000529381211831,1851,-1.947701721675574,-0.0754312591359984
MEX,2022,63.381476469511995,401.8676816763283,425.32246943197015,417.1613857082729,-0.7884580658696888,1866,-1.7340910516008994,0.18862415722389497
MKD,2015,72.62671899394365,369.90770818130585,348.9906783125869,381.1771630607417,-0.2350435818132314,1833,-0.8522579552541331,0.4584575289800577
MKD,2018,84.35038641964775,398.8104222773014,396.5701260691156,415.5685754465033,-0.2649424822332568,1815,-0.9083192402607847,0.41665578958038413
MKD,2022,80.59742960477854,392.07601975122856,360.8508594621142,382.8854861170611,-0.2277461717260765,1854,-0.9016765493824049,0.5197788206592955
MLT,2009,63.08575365172743,478.9602489834482,460.76069436080843,480.14232301137616,325.11617578760166,1851,-0.5658542920223597,0.920121003382212
MLT,2015,87.8553585787538,486.7754477731295,455.6300813752768,472.8648256568431,0.008632863521825669,1763,-0.7095735132800827,0.7885001681395318
MLT,2018,76.04836003839648,481.01164286563755,457.4541770739726,466.0358079796105,0.16903329211694795,1750,-0.573497951183676,0.9298365788907931
MLT,2022,72.458391360154,474.0070996929605,453.95580149082167,473.8782131486009,0.09755653240283116,1702,-0.5828630161169749,0.8638072962313739
MNE,2009,70.71152194888748,402.99516450979326,406.20364846161357,401.3390025463665,66.96001110564859,1778,-0.918665944482059,0.45979322101353
MNE,2012,68.51269026896449,409.94534701511606,422.64848258630514,410.73834360019026,89.5617012075836,1800,-0.84,0.48
MNE,2015,47.33259585027167,416.6858736215817,427.6701380024903,410.4879097756833,-0.1718960432880235,1842,-0.7793861107063513,0.4565543413292414
MNE,2018,64.01604845091941,429.1205409783215,421.331217948475,415.6242321945895,-0.16766078022217792,1843,-0.7878183765000003,0.4954868334999998
MNE,2022,68.64277255683197,407.3758583915927,407.9195690327504,404.94549545615934,-0.21808077637180315,1807,-0.8357024945454576,0.4461022884882128
MNG,2022,94.81401206502625,426.6768685947364,378.77645809047004,413.2229160752916,-0.6525443184345014,1868,-1.4032125556756745,0.18778541621770614
MUS,2009,92.22264939423678,418.1841342362341,405.3755816008426,413.0443275938884,21.47458885592614,1822,-1.2013073893177888,0.0843
MYS,2009,67.870016698499,407.50978610311,416.93867335475903,425.60628148168644,19.334640121115015,1797,-1.1374,0.16011443754417873
MYS,2012,83.2427927616032,427.47534560476976,401.41513956366094,422.242746282039,30.9909998743718,1825,-1.31,0.12
MYS,2018,100.95006006521868,448.10022668587914,420.4927353387783,442.94027421571127,-0.6600174585332672,1833,-1.471371487162045,0.15482714206339682
MYS,2022,102.86528443331878,417.2336881722609,390.50519117611503,420.62102780388267,-0.5487850840425152,1861,-1.3683792655489386,0.3384
NLD,2009,81.8922786998159,525.0290124064145,508.73191732721165,522.343351704356,81.23349035480288,1796,-0.2956,0.9595883483896704
NLD,2012,71.21025922330904,524.249894300166,513.0014056822002,523.7941783756855,150.65530208934453,1855,-0.25,0.88
NLD,2015,75.79764269129697,511.15421710824177,501.15780877950635,506.8106571332754,0.15011025507853473,1831,-0.39080130532176033,0.7430317491258575
NLD,2018,86.0367614171002,520.6904331960939,489.7612959985288,505.7224830358883,0.28143583270021705,1783,-0.291850230414886,0.9360571978240367
NLD,2022,99.42344181037498,492.9475008798181,458.89201630794923,488.67033164555795,0.26969842719300136,1798,-0.2674739657265909,0.9503352032316527
NOR,2009,69.80782917616949,495.4011708572338,500.9124665479549,495.27951454272926,73.71743824197732,1800,-0.029,0.9755778034134892
NOR,2012,54.38072437939519,492.80588621074963,506.694665351269,497.5400101332638,226.1909122770194,1781,-0.04,1.06
NOR,2015,69.48121841754141,498.87854600411043,508.70769112220034,494.9715761866502,0.47396017599458096,1821,0.008501865124828607,1.0277864813364113
NOR,2018,70.2452161292274,503.5926220363492,503.41201250898786,493.86906057673974,0.5465650135393199,2000,0.04180708185268277,1.1234536232565597
NOR,2022,80.5396651060754,470.2570363394946,479.63891347786,480.6131401722046,0.5222253210198908,2000,-0.0116463433807568,1.1203180721274146
NZL,2009,95.54054417691736,524.2221994305218,525.4676726797712,535.0978926175267,207.32012689523967,1773,-0.3465425900107539,0.8171961036970327
NZL,2012,91.04513801770821,507.95398607025317,519.0751668590793,522.7977795533769,288.05229426856727,1785,-0.48,0.79
NZL,2015,90.77729965412851,505.7245897188946,520.6130386311896,525.5561243997352,0.21771790697106222,1770,-0.3261822666683686,0.8125848929081535
NZL,2018,91.7266515385623,501.1812330084032,511.520710154695,514.5857369671226,0.23807649679743617,1850,-0.4460163820176086,1.0028159990392616
NZL,2022,97.78133214033124,490.5652942141494,509.9331706438263,514.8030667281055,0.30549317807145665,1786,-0.2728326334965238,1.0001783888252704
PAN,2009,45.82164032919434,370.7928075269883,384.9089970538948,387.4119724631904,959.7949412007596,1814,-1.426685163060037,0.6963
PAN,2018,76.36433100932715,357.1589926271043,383.1022817983779,370.5802134900104,-0.9819827732739727,1836,-1.8614670989323654,0.0822326929649691
PAN,2022,77.11835267269765,362.36403040744744,399.4410855575972,394.9175580283969,-0.8216801802332915,1760,-1.6748246992350797,0.19817211319837327
PER,2009,119.91124467016175,381.4481580139914,386.0136696334918,386.3234546812176,61.87940613583957,1832,-1.9424220180322782,-0.1950449596883072
PER,2012,97.93629649454806,387.663979886521,403.99507395533993,390.1869634523128,46.57062937309542,1882,-1.73,-0.09
PER,2015,99.61388630759069,391.75523535479385,405.3802493273877,402.4511895630697,-1.0105357560242592,1846,-1.8415476832341193,-0.16034673396737392
PER,2018,90.84307060139179,405.02014590902985,406.24239264123224,407.6118990768577,-1.02918273272887,1830,-1.7675,-0.2555274660876445
PER,2022,88.41148196916924,395.76113894729156,412.6771309158132,412.6559827265971,-1.0634475529497613,1874,-1.8045453763225203,-0.2128262105384013
PHL,2018,80.59209457412322,363.3230776252675,352.34641092842594,366.6380305269225,-1.2072475058122218,1889,-1.8836226433151961,-0.4675052023741064
PHL,2022,45.057897671324156,368.46331580041755,366.8461457182041,373.12491181153536,-1.114594426560596,1907,-1.8761220096295796,-0.30920158885729554
POL,2009,87.44859452207692,496.3767699992694,502.1389460627813,508.96130491143316,115.35894963761469,1795,-0.8742188647526128,0.4105692134548979
POL,2012,103.55306725579771,520.1250296483672,521.4942128232838,529.0356857481868,149.71770284133757,1782,-0.864617868271333,0.77
POL,2015,82.45092158813856,508.401357089562,509.4756976383388,505.9441678840899,-0.3699593835308346,1817,-0.9993965286686138,0.2591704988311063
POL,2018,96.001000172911,522.6858226012722,518.652035899167,517.7076026786619,-0.07992379251862074,1802,-0.8319478274619146,0.6920596759020152
POL,2022,96.44752567908574,490.9636480167501,490.6998342227362,500.56023440101984,-0.07500551071483393,1830,-0.8599643101190315,0.7058737492177306
PRT,2009,106.58813917139992,497.3790951673275,499.5216584591113,500.9910848245352,25.644853281717758,1846,-1.1734378313727407,0.9515
PRT,2012,101.52667775560673,496.48525362474595,496.3794260172776,496.2949214711894,130.05873970636404,1843,-1.36,0.73
PRT,2015,102.70759265791548,501.305582094484,504.69397925828247,509.0556198046504,-0.2787710305018822,1861,-1.231363498880935,0.7758598425915185
PRT,2018,108.2057762932804,492.7794544939569,491.23487736049236,490.5076116270476,-0.35058242679221086,1829,-1.2799892322479174,0.7010728355033956
PRT,2022,115.59609178053142,471.6931584936322,474.0404300050065,482.5134791350448,-0.2228077567396428,1880,-1.1168551531850157,0.7665058542515156
PRY,2022,63.186710401864275,342.45455996717186,379.3457229546562,372.60015285340404,-1.19476525901553,1779,-2.23092259543497,-0.1145504895230971
PSE,2022,64.18305831277951,377.65831047593474,361.21863586615035,381.66382238849457,-0.7716043016147764,1875,-1.5365446429309206,0.06152495753976588
QAR,2015,105.57004650279714,459.67869489748466,479.8683560935685,479.0313590315492,0.0960280891117343,1404,-0.6744948291822813,1.0095582157729233
QAT,2009,49.60718996348942,384.29743894720997,386.0500518113867,392.4946220266413,184.01327998478584,1908,0.0189,1.150515318796578
QAT,2012,55.49496646888582,390.29017171342065,401.93431911000704,397.6336705142972,300.3049821864201,1933,0.02,1.12
QAT,2015,56.73866666164827,408.54549685340356,410.3465990382792,424.16908896647715,0.5918022196855316,1918,0.18004097237222358,1.1027091977500059
QAT,2018,68.63940524316945,416.4431598931149,407.5934105285609,420.3699761972753,0.3050115881869622,1946,-0.1334024057410592,0.83958383090334
QAT,2022,54.454355912870994,409.37831987184654,410.0991670238017,425.44543475307825,0.12670917681112917,1896,-0.3783947742008575,0.7170506394240218
QAZ,2018,47.4052841354856,419.1092126188513,388.7673087080667,397.6099834583484,-0.5283135762345886,1867,-1.192267732135287,0.19055840408417976
QAZ,2022,52.92884643083636,397.6392026029085,367.3696069011537,381.21385076266506,-0.47981862565168043,1857,-1.1421630413134163,0.24590135795683005
QCH,2015,100.7607499745863,530.9356261283825,493.10068002935316,517.4740600220201,-1.0634945462807102,1902,-1.8366081675454764,-0.35493819358273965
QCI,2018,77.37204197090534,590.2849532355743,555.1545223855921,589.4946849664307,-0.6781982074521056,1932,-1.5200243524270396,0.16806011366098517
QCN,2009,93.43586021575288,604.3860379224517,557.7017251679429,577.4546639869459,-0.4730450239090599,1797,-1.2412583009891955,0.3526
QCN,2012,96.10871415030283,619.806217319961,574.745322003789,584.3473308577268,37.53160431087016,1852,-0.9885062552609956,0.55
QES,2015,79.23328537715429,491.570233270954,503.2317400405936,500.00124512538576,-0.4119004492814522,1979,-1.3359939432439965,0.552597870759344
QHP,2009,38.163572474296814,340.88864893831675,319.85413571833755,326.1442601724686,659.2381593513296,1379,-2.0397,-0.29817415548946274
QMR,2018,51.39376077882247,495.15795758299686,486.52834759906693,485.5206433833845,0.3359568023529873,1995,-0.10646056674331394,0.8031761938345161
QRS,2012,72.19178215407157,484.77942341949216,483.25831964727433,481.2844527357469,59.59752779739928,1761,-0.66,0.49
QRT,2018,45.47267225620652,474.1547707009076,461.57985876902006,463.1888274793734,0.13542899598316877,2000,-0.4167517133480126,0.6759586692534789
QTN,2009,37.57995917565438,351.9412787349091,335.145111397898,347.3357309647258,842.8260680569642,1802,-2.4048,-0.5741
QUC,2015,88.1839255492589,501.3570877950417,528.5079199748517,530.8861890382113,0.2119656787498045,1624,-0.46899045520199245,0.9326372558942504
QUD,2015,84.64015828769004,378.7421462844239,410.7239314928404,403.12937441370667,-0.30394644958224687,1385,-0.9586777148258764,0.39970045766052376
QUE,2015,78.65522484988588,471.4774934283368,500.4400519106833,502.9585942514817,0.023088971667717118,1869,-0.6858504036035146,0.7722304336460365
QUR,2022,88.5340951860735,441.2302735915984,428.0387343274694,452.03967977310174,-0.33196760079421017,1749,-0.9816275369355335,0.34597335323173417
QVE,2009,105.4079336898264,389.6700000266179,412.9285123960756,413.55446408422915,489.78915343400854,1667,-0.9357773186288825,0.7976
ROU,2009,71.38018554778057,425.60448662301644,423.6683138442388,428.31715106377663,14.893835889003173,1792,-0.9068,0.2129376752697974
ROU,2012,95.15829504643568,447.32656260223666,440.1368654336512,439.4419813854523,43.846251316852246,1886,-1.01,0.22980217581269785
ROU,2015,81.18559466859892,443.68592087851226,433.45435273189815,435.3349491290675,-0.579069282149913,1806,-1.1204028530563608,-0.03043289868832108
ROU,2018,114.10116246104559,426.9711786425268,424.13198664159955,422.73119858423973,-0.46301924196437977,1846,-1.1384,0.2548743733040817
ROU,2022,128.87221841528077,427.80410174654446,428.40051283622483,427.09667478998665,-0.34863088342047677,1885,-1.093226278283777,0.5443167591348993
RUS,2009,66.70833173085691,466.4706111366284,456.217826300854,477.0006182665873,37.111541596628015,1815,-0.835,0.4221
RUS,2012,75.23287187470777,481.5749319805209,476.5371757878887,487.5392133657309,79.66085254372258,1818,-0.64,0.5199260052368609
RUS,2015,52.235060041457814,495.24464661405284,497.8349303360623,488.0177492449359,0.05462565035464438,1887,-0.5339782603909465,0.6670773829978027
RUS,2018,62.15194220114108,486.9202090729331,477.69589746474503,477.5332809334424,0.15037760509527312,1849,-0.3527535605033764,0.673
SAU,2018,69.98293615240442,377.13337606333835,402.47196988975196,390.0476677181201,-0.60306911156564,1822,-1.451206054645782,0.3717183133496712
SAU,2022,47.78210594376145,393.90029521249056,384.29578044625634,394.0452583445648,-0.1425351701316145,1938,-0.7390338174652883,0.5501495427551698
SGP,2009,98.22158570906913,561.0485170741816,525.6991846965611,540.7377029648585,34.7729599014637,1815,-0.9491,0.1714
SGP,2012,99.25968291567835,573.4642861877836,540.8944456793138,551.7313705262545,28.57447749292184,1820,-0.85,0.58
SGP,2015,93.08283767023454,563.9166461689848,535.5514038091163,555.666836545039,0.10166729860613445,1844,-0.5327665622179196,0.8577157228386814
SGP,2018,75.15431485084366,573.2654599858836,554.8332000457425,555.5741106186388,0.3482896438140756,1880,-0.2527719222987613,1.0406621249166188
SGP,2022,96.94205908024492,581.4959687105312,548.705348770237,567.9798716273081,0.46961741608979374,1888,0.0037587125811538733,1.055822365916144
SLV,2022,56.06255091270231,350.2311657520647,376.9765960077185,382.62299805076094,-1.2697221640424772,1844,-2.1463525583737972,-0.3867879524937996
SRB,2009,79.33410369785804,443.35147090553073,443.6727539923888,443.76599236414773,57.90660111895949,1840,-0.579738740316467,0.7729438261024473
SRB,2012,91.32906689451585,454.26018401493394,448.2457985804613,447.8872690207323,88.76409679300372,1784,-0.97,0.51
SRB,2018,68.72826848277793,443.9327506507959,435.29795341425114,435.64166088688626,-0.2250697669778035,1876,-0.8646291749019505,0.42223571681136657
SRB,2022,74.13949072562059,441.4006463028804,440.49998704301083,448.5811755958143,-0.18347905472799245,1853,-0.8115009847990677,0.48184895869470573
SVK,2009,99.55893712220342,501.4901939843236,484.5333082249144,496.9800796924135,43.21380036372469,1818,-0.6364,0.4785850649412818
SVK,2012,120.21486085211569,489.16413803877555,473.46242107975553,478.5105640007428,122.99832533725498,1779,-0.76,0.6
SVK,2015,93.65722676971495,483.10269028319914,463.1753559910053,468.940628081057,-0.02475559636419136,1884,-0.7014822809783792,0.7116887310002515
SVK,2018,122.27143394819689,487.0318858226973,460.479004295513,464.45472483220465,-0.18121845478054546,1812,-0.8083681121499329,0.5610418435009926
SVK,2022,126.1540799663614,465.0875985263927,447.6717709441399,462.84945488988916,-0.23366006627021196,1808,-0.9645932483699687,0.5546038127085534
SVN,2009,94.09564888653642,512.4432764649696,491.5639346391909,520.9985052181606,89.50755235743038,1828,-0.5387,0.876987761399199
SVN,2012,82.86073790641058,499.4986396101015,480.06841396009725,510.3407379068502,165.6894165636252,1838,-0.59,0.82
SVN,2015,73.66401133050016,516.1683509973118,510.1365401297151,518.6238383563746,0.07775522604089789,1858,-0.6202915073351395,0.7371073159722589
SVN,2018,100.39585148668817,514.7480062030837,501.636259739469,511.918381747962,0.11538904472505451,1856,-0.5193235061288645,0.81422610542772
SVN,2022,99.22389668950348,489.59811629051364,474.72326047219553,505.6617020846868,0.2693848937637571,1854,-0.3746339827368417,0.9794093253631726
SWE,2009,95.97871995008222,501.555774836257,506.07196696211,502.51877077845023,92.24554146827937,1824,-0.1387,1.0337783603940407
SWE,2012,67.87911760827262,483.8117520035734,490.83210268559486,490.2242971688683,280.11496274704564,1926,-0.25,1.02
SWE,2015,89.41683204710648,494.89283359484466,501.97389392779587,495.8996575250736,0.3281648000364556,2000,-0.23051914616192012,0.9747250480874602
SWE,2018,80.55097183517461,503.72101318075045,505.8205965762147,498.5220033766798,0.36278301809241653,2000,-0.20339432826810377,1.0083184180707636
SWE,2022,101.76042465780358,483.99500235785155,492.11528925462545,498.59988780703935,0.34481743616544475,1825,-0.22761966944908593,1.001127945399153
TAP,2009,88.41255062732563,528.7566942435919,484.4668592667302,507.97953729190317,48.3098113646415,1865,-0.9634,0.18155505179937997
TAP,2012,120.7599193586783,542.8597412533246,511.21413179770275,511.3672025701587,43.104074064221685,1896,-1.05,0.12
TAP,2015,86.8644542278368,526.638385891217,483.7806342250824,515.6720167562291,-0.2773163903487832,1868,-0.8595357913816114,0.3352413858947616
TAP,2018,87.17485652608599,522.3974919537585,493.1538558334779,505.93762507320827,-0.3355137126965611,1886,-0.9937583896461958,0.3703109653818664
TAP,2022,121.3286699423731,528.7057187120915,500.1681480241065,518.7354984577323,-0.25845689882764156,1928,-0.9263410892469509,0.44155400530793026
THA,2009,71.50692545926125,415.8828967772126,420.53276648044783,420.2095558573403,43.469210790847995,1862,-2.1902934936487126,-0.2905683172992958
THA,2012,50.269626564055045,414.44483129470325,428.3567021719897,432.1345150260275,47.11721121288899,1894,-2.21,-0.49
THA,2015,67.3399292322593,405.50748499340494,401.4368911384561,410.39441553176374,-1.1143920838003187,1878,-1.9649628121087406,-0.37459834987847485
THA,2018,77.86041845255272,408.81940023366934,386.92643617532406,416.69359882085877,-1.221056988093645,1917,-2.036373296268172,-0.42545702670429797
THA,2022,53.49816681625407,387.46027713003025,373.44377077400543,402.375246358171,-1.1004482085304894,1941,-1.9505506120777691,-0.17751444639308545
TTO,2009,82.5597351606823,409.9027852592543,411.7972115690957,406.4173626239998,256.3331894976339,1836,-1.0810838220515677,0.15825107758986987
TTO,2015,79.60910886985187,420.9615982396161,432.0289217268963,428.7759536781616,-0.22717661971147501,1788,-0.8598460406356857,0.43462168587326044
TUN,2009,68.09325247978092,369.60098863676365,401.74768399165254,400.5963516684112,21.970130044297022,1798,-2.1829447856051503,-0.25780137421505317
TUN,2012,64.14863935302799,384.95219078931666,400.8667870585664,397.4060139119507,149.91243006331595,1775,-2.1,-0.18
TUN,2015,75.40233252724272,369.43534660560556,361.6649404834797,388.6183182556374,-0.7920655999981383,1818,-1.5518248608491279,0.10748806711484406
TUR,2009,116.02846500524623,450.61931066748554,469.48544355850123,458.13061008150896,62.818632605253576,1890,-2.0992,-0.2373
TUR,2012,84.42629840873894,447.52798156528974,475.2261550323273,462.94838129431787,111.19386618763983,1807,-2.25,-0.5571404333665044
TUR,2015,59.011696730457345,419.96686798686306,426.5637478424616,423.935874340263,-1.321757174656951,1850,-2.2251990716706267,-0.4911643391936345
TUR,2018,85.75549197111468,448.3845405272912,459.7596427373033,461.6192423688251,-1.0307015575439302,1847,-1.9244451535019147,-0.16929248487868892
TUR,2022,81.4899214769004,446.8999277845979,449.12139976730015,468.5350493848834,-1.0731633422080307,1874,-1.9499709222360262,-0.2673873501664092
UKR,2018,89.65741427638585,454.46830018278916,467.84224128916406,469.6139214125881,-0.16943127921166679,1838,-0.7570430650707425,0.4658885650375543
URY,2009,107.31514469198828,438.7160507352569,437.032314629402,438.6615542288424,136.93593251140493,1846,-1.4837637489226805,0.4818163109425682
URY,2012,108.42426094595675,424.41441737566413,427.42890813655544,430.45862527954154,84.91473871258573,1865,-1.54,0.24
URY,2015,91.24904533795791,430.9408492976485,451.1090619333871,448.22931111359605,-0.5837245482175406,1875,-1.3992188713999905,0.2552962510731896
URY,2018,86.03253777296959,423.8155779143488,433.6539157925235,432.2297098657495,-0.8495362283217945,1811,-1.6951400629402975,-0.0388683211257546
URY,2022,91.95835205539947,420.687680378247,442.61275136289987,448.04981450720334,-0.6233487004610911,1876,-1.4136005750617617,0.2348170450122311
USA,2009,99.49630281958059,498.7290718601141,513.9242220448616,515.4581872351015,85.53972342695748,1782,-0.3218,1.0520589548636945
USA,2012,77.47231479998402,483.1034420611832,501.90813866687614,499.32298948791464,109.7805051258109,1811,-0.49,0.98
USA,2015,76.75954079313465,473.90073785378075,502.09543831494494,500.0297588738324,0.22300583045558672,1820,-0.449855611387669,1.0144781484644556
USA,2018,97.41290247046402,477.81498106500885,505.07928242418245,502.31091310912876,0.1578129387079232,1805,-0.5524671732658917,0.9130929347085615
USA,2022,95.11517393804337,463.4244071103353,503.1938383791861,497.15974094308393,0.05998854925489816,1752,-0.6238159267609381,0.8268754657031546
UZB,2022,29.179503026034524,366.17634669825935,337.77739207159715,356.25447116045325,-0.668540262197402,1873,-1.4306285528306044,0.12946149312475025
VNM,2012,63.13528665301163,508.72844475052386,506.93734946095105,525.9965585386506,-1.6861192832227285,1805,-2.47,-1.05
VNM,2015,62.29837519050443,489.6818769882229,482.15454944876063,519.2887957033557,-1.8522701385369587,1830,-2.5767464852724333,-1.2594058012058982
VNM,2022,83.30649484265683,475.15543232561794,466.2096908558838,474.729223355707,-1.0846397297817019,1879,-1.9102578847807152,-0.10001493012738659
